﻿<?xml version="1.0" encoding="utf-8"?>
<Patch>
  <Operation Class="PatchOperationReplace">
    <xpath>Defs/ThingDef[defName="TR_Base_HMGII" or defName="TR_Base_HMGIISB"]/thingClass</xpath>
    <value>
      <thingClass>CombatExtended.Building_TurretGunCE</thingClass>
    </value>
  </Operation>
  <Operation Class="PatchOperationRemove">
    <xpath>Defs/ThingDef[defName="TR_Base_HMGII" or defName="TR_Base_HMGIISB"]/comps/li[@Class = "CompProperties_Refuelable"]</xpath>
  </Operation>
  <Operation Class="PatchOperationSequence">
    <success>Always</success>
    <operations>
      <li Class="PatchOperationTest">
        <xpath>Defs/ThingDef[defName="TR_Base_HMGII" or defName="TR_Base_HMGIISB"]/tradeTags</xpath>
        <success>Invert</success>
      </li>
      <li Class="PatchOperationAdd">
        <xpath>Defs/ThingDef[defName="TR_Base_HMGII" or defName="TR_Base_HMGIISB"]</xpath>
        <value>
          <tradeTags />
        </value>
      </li>
    </operations>
  </Operation>
  <Operation Class="PatchOperationAdd">
    <xpath>Defs/ThingDef[defName="TR_Base_HMGII" or defName="TR_Base_HMGIISB"]/tradeTags</xpath>
    <value>
      <li>CE_Turret</li>
    </value>
  </Operation>
  <Operation Class="CombatExtended.PatchOperationMakeGunCECompatible">
    <defName>TR_Gun_HMGII</defName>
    <statBases>
      <MarketValue>800</MarketValue>
      <RangedWeapon_Cooldown>3</RangedWeapon_Cooldown>
      <Mass>20</Mass>
      <Bulk>10.00</Bulk>
    </statBases>
    <Properties>
      <recoilAmount>1.5</recoilAmount>
      <verbClass>CombatExtended.Verb_ShootCE</verbClass>
      <hasStandardCommand>true</hasStandardCommand>
      <defaultProjectile>Bullet_50BMG_FMJ</defaultProjectile>
      <warmupTime>3</warmupTime>
      <range>75</range>
      <ticksBetweenBurstShots>5</ticksBetweenBurstShots>
      <burstShotCount>10</burstShotCount>
      <soundCast>TR_HMGII_Fire</soundCast>
      <soundCastTail>GunTail_Medium</soundCastTail>
      <muzzleFlashScale>20</muzzleFlashScale>
      <recoilPattern>Mounted</recoilPattern>
    </Properties>
    <AmmoUser>
      <magazineSize>100</magazineSize>
      <reloadTime>7.8</reloadTime>
      <ammoSet>AmmoSet_50BMG</ammoSet>
    </AmmoUser>
  </Operation>
</Patch>